{"cameraMode":{"drawMode":0,"name":"Shaded","section":"Shading Mode"},"sceneLighting":false,"audioPlay":false,"sceneViewState":{"showFog":true,"showMaterialUpdate":false,"showSkybox":false,"showFlares":true,"showImageEffects":true,"showParticleSystems":true,"showVisualEffectGraphs":true,"m_FxEnabled":true},"in2DMode":false,"pivot":{"x":0.5130470991134644,"y":3.5001935958862306,"z":0.41230833530426028},"rotation":{"x":0.35544994473457339,"y":-0.16994498670101167,"z":0.06595626473426819,"w":0.9167358875274658},"size":0.8660253882408142,"orthographic":false}