{"cameraMode":{"drawMode":0,"name":"Shaded","section":"Shading Mode"},"sceneLighting":false,"audioPlay":false,"sceneViewState":{"showFog":true,"showMaterialUpdate":true,"showSkybox":false,"showFlares":true,"showImageEffects":true,"showParticleSystems":true,"showVisualEffectGraphs":true,"m_FxEnabled":true},"in2DMode":false,"pivot":{"x":0.00023864954710006714,"y":0.0051336344331502918,"z":-0.024828806519508363},"rotation":{"x":0.05464134365320206,"y":-0.7710197567939758,"z":0.0667870044708252,"w":0.6309211850166321},"size":0.04812298342585564,"orthographic":false}