{"cameraMode":{"drawMode":0,"name":"Shaded","section":"Shading Mode"},"sceneLighting":false,"audioPlay":false,"sceneViewState":{"showFog":true,"showMaterialUpdate":true,"showSkybox":false,"showFlares":true,"showImageEffects":true,"showParticleSystems":true,"showVisualEffectGraphs":true,"m_FxEnabled":true},"in2DMode":false,"pivot":{"x":0.0013348683714866639,"y":-0.006649784743785858,"z":-0.011142009869217873},"rotation":{"x":0.10229843854904175,"y":-0.7182540893554688,"z":0.10811695456504822,"w":0.6796601414680481},"size":0.04812298342585564,"orthographic":false}