{"cameraMode":{"drawMode":0,"name":"Shaded","section":"Shading Mode"},"sceneLighting":true,"audioPlay":false,"sceneViewState":{"showFog":true,"showMaterialUpdate":false,"showSkybox":true,"showFlares":true,"showImageEffects":true,"showParticleSystems":true,"showVisualEffectGraphs":true,"m_FxEnabled":true},"in2DMode":false,"pivot":{"x":30.91304588317871,"y":3.0521867275238039,"z":-97.68814086914063},"rotation":{"x":0.029102900996804239,"y":0.5689791440963745,"z":-0.020139912143349649,"w":0.8216126561164856},"size":6.5480241775512699,"orthographic":false}