{"cameraMode":{"drawMode":0,"name":"Shaded","section":"Shading Mode"},"sceneLighting":false,"audioPlay":false,"sceneViewState":{"showFog":true,"showMaterialUpdate":false,"showSkybox":false,"showFlares":true,"showImageEffects":true,"showParticleSystems":true,"showVisualEffectGraphs":true,"m_FxEnabled":true},"in2DMode":false,"pivot":{"x":1.3713626861572266,"y":0.18687015771865846,"z":-6.357744216918945},"rotation":{"x":-0.05393316224217415,"y":0.3620193302631378,"z":-0.020964091643691064,"w":-0.9303443431854248},"size":2.4494898319244386,"orthographic":false}