{"cameraMode":{"drawMode":0,"name":"Shaded","section":"Shading Mode"},"sceneLighting":false,"audioPlay":false,"sceneViewState":{"showFog":true,"showMaterialUpdate":true,"showSkybox":false,"showFlares":true,"showImageEffects":true,"showParticleSystems":true,"showVisualEffectGraphs":true,"m_FxEnabled":true},"in2DMode":false,"pivot":{"x":2.5461690425872804,"y":-1.9869753122329713,"z":-0.29906728863716128},"rotation":{"x":0.25920993089675906,"y":0.6438314318656921,"z":-0.24676047265529633,"w":0.6763156056404114},"size":2.053046464920044,"orthographic":false}